DELETE FROM Prompt;
DELETE FROM Response;
DELETE FROM Response_Map;
INSERT INTO Prompt VALUES("4cef3ac8-279c-11e2-88e6-109adda800ea", "Phil", "Some day...", "animation1.gif", "sound.mp3", "quest4.xml", 0);
INSERT INTO Prompt VALUES("4cf0f582-279c-11e2-80be-109adda800ea", "Nick", "I need more hobbies.", "animation1.gif", "sound.wav", "quest1.xml", 1);
INSERT INTO Prompt VALUES("4cf0f9e4-279c-11e2-b673-109adda800ea", "Nick", "Why am I still doing this?", "animation2.gif", "sound.wav", "quest2.xml", 0);
INSERT INTO Prompt VALUES("4cf0ff18-279c-11e2-a393-109adda800ea", "Kyle", "My whole life is ridiculous, really.", "animation1.gif", null, "quest4.xml", 0);
INSERT INTO Prompt VALUES("4cf10326-279c-11e2-9c7f-109adda800ea", "Nick", "This is a sentence.", "animation1.gif", "sound.wav", null, 0);
INSERT INTO Prompt VALUES("4cf1063a-279c-11e2-88b6-109adda800ea", "Julie", "Some day...", "animation2.gif", "sound.wav", "quest3.xml", 1);
INSERT INTO Prompt VALUES("4cf10914-279c-11e2-9eb1-109adda800ea", "Phil", "My whole life is ridiculous, really.", null, null, "quest2.xml", 1);
INSERT INTO Prompt VALUES("4cf10c06-279c-11e2-8496-109adda800ea", "Kyle", "I need more hobbies.", "animation3.gif", "sound.mp3", "quest1.xml", 1);
INSERT INTO Prompt VALUES("4cf10ef4-279c-11e2-97b0-109adda800ea", "Kyle", "I need more hobbies.", "animation2.gif", null, "quest3.xml", 1);
INSERT INTO Prompt VALUES("4cf111fe-279c-11e2-8447-109adda800ea", "Phil", "Who knows anymore.", "animation1.gif", "sound.mp3", "quest1.xml", 0);
INSERT INTO Prompt VALUES("4cf114ec-279c-11e2-abcd-109adda800ea", "Nick", "Some day...", "animation3.gif", "sound.wav", "quest4.xml", 0);
INSERT INTO Prompt VALUES("4cf117c8-279c-11e2-b7ca-109adda800ea", "Phil", "Why am I still doing this?", "animation3.gif", null, "quest1.xml", 1);
INSERT INTO Prompt VALUES("4cf11a8a-279c-11e2-b111-109adda800ea", "Phil", "My whole life is ridiculous, really.", "animation2.gif", "sound.wav", "quest3.xml", 0);
INSERT INTO Prompt VALUES("4cf11d7a-279c-11e2-901c-109adda800ea", "Phil", "Some day...", "animation2.gif", null, null, 1);
INSERT INTO Prompt VALUES("4cf12040-279c-11e2-9233-109adda800ea", "Nick", "Some day...", "animation2.gif", null, "quest1.xml", 0);
INSERT INTO Prompt VALUES("4cf1237e-279c-11e2-b087-109adda800ea", "Nick", "Some day...", "animation2.gif", null, "quest2.xml", 0);
INSERT INTO Prompt VALUES("4cf12662-279c-11e2-8d0c-109adda800ea", "Nick", "What even is this?", "animation2.gif", "sound.mp3", "quest2.xml", 0);
INSERT INTO Prompt VALUES("4cf1293a-279c-11e2-831a-109adda800ea", "Nick", "Some day...", "animation2.gif", "sound.mp3", "quest3.xml", 0);
INSERT INTO Prompt VALUES("4cf12c18-279c-11e2-871d-109adda800ea", "Phil", "This is another sentence.", "animation2.gif", "sound.wav", "quest3.xml", 0);
INSERT INTO Prompt VALUES("4cf12ee6-279c-11e2-b94a-109adda800ea", "Phil", "Some day...", "animation1.gif", null, "quest3.xml", 1);
INSERT INTO Prompt VALUES("4cf131ac-279c-11e2-abb5-109adda800ea", "Nick", "This is another sentence.", "animation1.gif", "sound.wav", "quest1.xml", 1);
INSERT INTO Prompt VALUES("4cf134ae-279c-11e2-88ef-109adda800ea", "Steve", "I need more hobbies.", null, "sound.mp3", "quest1.xml", 1);
INSERT INTO Prompt VALUES("4cf1377e-279c-11e2-9904-109adda800ea", "Julie", "What even is this?", "animation3.gif", "sound.wav", null, 0);
INSERT INTO Prompt VALUES("4cf13a9e-279c-11e2-965a-109adda800ea", "Nick", "This is another sentence.", null, "sound.mp3", "quest2.xml", 1);
INSERT INTO Prompt VALUES("4cf13d78-279c-11e2-b985-109adda800ea", "Phil", "Who knows anymore.", "animation3.gif", "sound.mp3", "quest4.xml", 1);
INSERT INTO Prompt VALUES("4cf14052-279c-11e2-88ac-109adda800ea", "Kyle", "Why am I still doing this?", "animation1.gif", null, "quest3.xml", 0);
INSERT INTO Prompt VALUES("4cf14340-279c-11e2-a102-109adda800ea", "Steve", "My whole life is ridiculous, really.", "animation1.gif", "sound.wav", "quest3.xml", 1);
INSERT INTO Prompt VALUES("4cf14638-279c-11e2-b502-109adda800ea", "Phil", "Who knows anymore.", null, "sound.mp3", "quest3.xml", 1);
INSERT INTO Prompt VALUES("4cf1496c-279c-11e2-8846-109adda800ea", "Phil", "I need more hobbies.", "animation1.gif", "sound.wav", "quest3.xml", 1);
INSERT INTO Prompt VALUES("4cf14c3a-279c-11e2-95c2-109adda800ea", "Steve", "This is a sentence.", "animation3.gif", "sound.wav", null, 1);
INSERT INTO Prompt VALUES("4cf14f34-279c-11e2-971e-109adda800ea", "Phil", "I need more hobbies.", "animation1.gif", "sound.mp3", "quest4.xml", 0);
INSERT INTO Prompt VALUES("4cf1522c-279c-11e2-b878-109adda800ea", "Nick", "This is a sentence.", "animation3.gif", null, "quest1.xml", 0);
INSERT INTO Prompt VALUES("4cf1551c-279c-11e2-a607-109adda800ea", "Nick", "What even is this?", "animation1.gif", "sound.wav", "quest2.xml", 0);
INSERT INTO Prompt VALUES("4cf157fe-279c-11e2-bc80-109adda800ea", "Kyle", "Some day...", null, "sound.mp3", "quest2.xml", 1);
INSERT INTO Prompt VALUES("4cf15b34-279c-11e2-bc0d-109adda800ea", "Nick", "Why am I still doing this?", "animation1.gif", "sound.mp3", "quest2.xml", 1);
INSERT INTO Prompt VALUES("4cf15e1e-279c-11e2-afa6-109adda800ea", "Steve", "I need more hobbies.", "animation3.gif", "sound.mp3", "quest1.xml", 0);
INSERT INTO Prompt VALUES("4cf1610c-279c-11e2-adec-109adda800ea", "Nick", "Why am I still doing this?", null, "sound.mp3", "quest4.xml", 1);
INSERT INTO Prompt VALUES("4cf163f0-279c-11e2-90cf-109adda800ea", "Steve", "This is a sentence.", "animation3.gif", "sound.wav", null, 1);
INSERT INTO Prompt VALUES("4cf166d8-279c-11e2-b28b-109adda800ea", "Steve", "This is a sentence.", "animation1.gif", null, null, 1);
INSERT INTO Prompt VALUES("4cf169ba-279c-11e2-aeb6-109adda800ea", "Kyle", "Some day...", "animation2.gif", null, "quest4.xml", 0);
INSERT INTO Prompt VALUES("4cf16cc6-279c-11e2-9187-109adda800ea", "Steve", "Some day...", "animation2.gif", "sound.mp3", "quest2.xml", 0);
INSERT INTO Prompt VALUES("4cf17010-279c-11e2-81c0-109adda800ea", "Steve", "Why am I still doing this?", null, null, "quest1.xml", 1);
INSERT INTO Prompt VALUES("4cf17522-279c-11e2-a76c-109adda800ea", "Steve", "I need more hobbies.", "animation2.gif", "sound.mp3", null, 0);
INSERT INTO Prompt VALUES("4cf17838-279c-11e2-b64d-109adda800ea", "Julie", "This is a sentence.", "animation2.gif", "sound.mp3", "quest1.xml", 1);
INSERT INTO Prompt VALUES("4cf17b5a-279c-11e2-8226-109adda800ea", "Nick", "This is another sentence.", null, null, "quest3.xml", 1);
INSERT INTO Prompt VALUES("4cf17e3a-279c-11e2-a07b-109adda800ea", "Nick", "Who knows anymore.", "animation1.gif", "sound.mp3", null, 0);
INSERT INTO Prompt VALUES("4cf1810c-279c-11e2-b448-109adda800ea", "Julie", "This is another sentence.", "animation2.gif", null, null, 0);
INSERT INTO Prompt VALUES("4cf183e6-279c-11e2-8746-109adda800ea", "Steve", "This is a sentence.", "animation1.gif", "sound.mp3", "quest2.xml", 0);
INSERT INTO Prompt VALUES("4cf186de-279c-11e2-99f1-109adda800ea", "Phil", "My whole life is ridiculous, really.", null, "sound.wav", "quest4.xml", 0);
INSERT INTO Prompt VALUES("4cf18a58-279c-11e2-8e7a-109adda800ea", "Julie", "What even is this?", "animation3.gif", "sound.wav", null, 0);
INSERT INTO Prompt VALUES("4cf18d64-279c-11e2-8f3d-109adda800ea", "Steve", "This is a sentence.", "animation1.gif", "sound.mp3", "quest3.xml", 0);
INSERT INTO Prompt VALUES("4cf19082-279c-11e2-8f6b-109adda800ea", "Steve", "What even is this?", null, "sound.mp3", "quest4.xml", 1);
INSERT INTO Prompt VALUES("4cf19366-279c-11e2-ab54-109adda800ea", "Phil", "I need more hobbies.", "animation2.gif", null, null, 0);
INSERT INTO Prompt VALUES("4cf19636-279c-11e2-9fd6-109adda800ea", "Phil", "Who knows anymore.", "animation2.gif", "sound.mp3", "quest2.xml", 0);
INSERT INTO Prompt VALUES("4cf19930-279c-11e2-a24d-109adda800ea", "Kyle", "Who knows anymore.", "animation1.gif", "sound.mp3", null, 1);
INSERT INTO Prompt VALUES("4cf19c28-279c-11e2-8c1c-109adda800ea", "Julie", "Who knows anymore.", "animation3.gif", "sound.mp3", "quest3.xml", 1);
INSERT INTO Prompt VALUES("4cf19f18-279c-11e2-b5e0-109adda800ea", "Julie", "Who knows anymore.", "animation3.gif", "sound.wav", "quest3.xml", 0);
INSERT INTO Prompt VALUES("4cf1a20c-279c-11e2-98ce-109adda800ea", "Phil", "Who knows anymore.", "animation2.gif", "sound.mp3", null, 0);
INSERT INTO Prompt VALUES("4cf1a4e8-279c-11e2-be1f-109adda800ea", "Phil", "This is another sentence.", "animation1.gif", "sound.mp3", "quest2.xml", 1);
INSERT INTO Prompt VALUES("4cf1a7cc-279c-11e2-a295-109adda800ea", "Phil", "My whole life is ridiculous, really.", "animation2.gif", "sound.mp3", "quest3.xml", 1);
INSERT INTO Prompt VALUES("4cf1aac6-279c-11e2-b61f-109adda800ea", "Phil", "Why am I still doing this?", null, "sound.wav", "quest2.xml", 0);
INSERT INTO Prompt VALUES("4cf1ad9e-279c-11e2-a16d-109adda800ea", "Steve", "My whole life is ridiculous, really.", null, null, "quest1.xml", 1);
INSERT INTO Prompt VALUES("4cf1b08a-279c-11e2-8107-109adda800ea", "Steve", "Why am I still doing this?", null, null, "quest4.xml", 0);
INSERT INTO Prompt VALUES("4cf1b370-279c-11e2-ae73-109adda800ea", "Kyle", "This is a sentence.", "animation2.gif", "sound.mp3", "quest2.xml", 1);
INSERT INTO Prompt VALUES("4cf1b654-279c-11e2-8d5c-109adda800ea", "Steve", "My whole life is ridiculous, really.", null, null, "quest1.xml", 1);
INSERT INTO Prompt VALUES("4cf1b92e-279c-11e2-9e54-109adda800ea", "Kyle", "Who knows anymore.", "animation3.gif", "sound.mp3", "quest3.xml", 0);
INSERT INTO Prompt VALUES("4cf1bc26-279c-11e2-a16e-109adda800ea", "Kyle", "Why am I still doing this?", "animation3.gif", "sound.wav", "quest4.xml", 0);
INSERT INTO Prompt VALUES("4cf1bf14-279c-11e2-98a7-109adda800ea", "Julie", "My whole life is ridiculous, really.", "animation1.gif", "sound.wav", "quest3.xml", 1);
INSERT INTO Prompt VALUES("4cf1c1f8-279c-11e2-a6c4-109adda800ea", "Nick", "Why am I still doing this?", "animation3.gif", "sound.wav", "quest1.xml", 1);
INSERT INTO Prompt VALUES("4cf1c4f0-279c-11e2-982c-109adda800ea", "Steve", "Who knows anymore.", "animation1.gif", "sound.mp3", "quest4.xml", 1);
INSERT INTO Prompt VALUES("4cf1c7ca-279c-11e2-88a8-109adda800ea", "Kyle", "What even is this?", null, "sound.mp3", null, 0);
INSERT INTO Prompt VALUES("4cf1caa4-279c-11e2-af0a-109adda800ea", "Steve", "What even is this?", "animation1.gif", "sound.wav", "quest4.xml", 1);
INSERT INTO Prompt VALUES("4cf1cd68-279c-11e2-8071-109adda800ea", "Julie", "Some day...", "animation1.gif", null, "quest4.xml", 1);
INSERT INTO Prompt VALUES("4cf1d04c-279c-11e2-9505-109adda800ea", "Kyle", "I need more hobbies.", "animation3.gif", null, "quest1.xml", 0);
INSERT INTO Prompt VALUES("4cf1d334-279c-11e2-a3ba-109adda800ea", "Julie", "My whole life is ridiculous, really.", "animation1.gif", "sound.mp3", "quest4.xml", 1);
INSERT INTO Prompt VALUES("4cf1d61e-279c-11e2-ab83-109adda800ea", "Phil", "My whole life is ridiculous, really.", "animation3.gif", null, null, 1);
INSERT INTO Prompt VALUES("4cf1d940-279c-11e2-8cc0-109adda800ea", "Steve", "What even is this?", "animation3.gif", null, null, 1);
INSERT INTO Prompt VALUES("4cf1dc1a-279c-11e2-8c9e-109adda800ea", "Kyle", "My whole life is ridiculous, really.", "animation2.gif", null, null, 1);
INSERT INTO Prompt VALUES("4cf1dee8-279c-11e2-a960-109adda800ea", "Nick", "Why am I still doing this?", "animation3.gif", "sound.wav", "quest3.xml", 1);
INSERT INTO Prompt VALUES("4cf1e1c2-279c-11e2-a9dd-109adda800ea", "Phil", "This is another sentence.", "animation2.gif", null, "quest1.xml", 1);
INSERT INTO Prompt VALUES("4cf1e494-279c-11e2-bb40-109adda800ea", "Phil", "My whole life is ridiculous, really.", "animation1.gif", null, "quest1.xml", 0);
INSERT INTO Prompt VALUES("4cf1e78c-279c-11e2-842f-109adda800ea", "Phil", "This is a sentence.", null, "sound.mp3", null, 1);
INSERT INTO Prompt VALUES("4cf1ea66-279c-11e2-9960-109adda800ea", "Nick", "This is another sentence.", "animation2.gif", null, "quest1.xml", 1);
INSERT INTO Prompt VALUES("4cf1ed40-279c-11e2-90d1-109adda800ea", "Steve", "This is another sentence.", null, "sound.mp3", "quest3.xml", 1);
INSERT INTO Prompt VALUES("4cf1f068-279c-11e2-9c08-109adda800ea", "Nick", "Why am I still doing this?", "animation3.gif", "sound.mp3", "quest1.xml", 1);
INSERT INTO Prompt VALUES("4cf1f33a-279c-11e2-a449-109adda800ea", "Phil", "This is a sentence.", "animation3.gif", "sound.wav", "quest3.xml", 0);
INSERT INTO Prompt VALUES("4cf1f60a-279c-11e2-bff6-109adda800ea", "Julie", "This is a sentence.", "animation2.gif", "sound.mp3", "quest2.xml", 0);
INSERT INTO Prompt VALUES("4cf1f934-279c-11e2-8460-109adda800ea", "Phil", "Why am I still doing this?", null, "sound.mp3", "quest3.xml", 0);
INSERT INTO Prompt VALUES("4cf1fbee-279c-11e2-9759-109adda800ea", "Nick", "Who knows anymore.", "animation1.gif", "sound.wav", "quest4.xml", 0);
INSERT INTO Prompt VALUES("4cf1ff24-279c-11e2-9ad2-109adda800ea", "Phil", "This is another sentence.", "animation2.gif", "sound.wav", "quest1.xml", 1);
INSERT INTO Prompt VALUES("4cf20208-279c-11e2-8a24-109adda800ea", "Julie", "This is a sentence.", "animation3.gif", null, "quest2.xml", 1);
INSERT INTO Prompt VALUES("4cf20500-279c-11e2-875f-109adda800ea", "Julie", "My whole life is ridiculous, really.", "animation3.gif", null, "quest3.xml", 0);
INSERT INTO Prompt VALUES("4cf207da-279c-11e2-9899-109adda800ea", "Steve", "My whole life is ridiculous, really.", "animation3.gif", null, null, 0);
INSERT INTO Prompt VALUES("4cf20ac8-279c-11e2-b18e-109adda800ea", "Julie", "This is a sentence.", "animation1.gif", "sound.mp3", "quest2.xml", 1);
INSERT INTO Prompt VALUES("4cf20d8c-279c-11e2-b587-109adda800ea", "Julie", "Why am I still doing this?", "animation1.gif", null, "quest2.xml", 0);
INSERT INTO Prompt VALUES("4cf21070-279c-11e2-b265-109adda800ea", "Phil", "My whole life is ridiculous, really.", null, "sound.mp3", "quest2.xml", 1);
INSERT INTO Prompt VALUES("4cf21388-279c-11e2-bf61-109adda800ea", "Kyle", "Why am I still doing this?", null, "sound.mp3", "quest1.xml", 0);
INSERT INTO Prompt VALUES("4cf2165a-279c-11e2-92f5-109adda800ea", "Nick", "Some day...", "animation1.gif", null, "quest3.xml", 1);
INSERT INTO Prompt VALUES("4cf21934-279c-11e2-8689-109adda800ea", "Julie", "Who knows anymore.", null, null, "quest1.xml", 0);
INSERT INTO Prompt VALUES("4cf21c48-279c-11e2-afed-109adda800ea", "Kyle", "What even is this?", "animation3.gif", "sound.mp3", "quest3.xml", 1);
INSERT INTO Response VALUES("4cf21f4a-279c-11e2-b2b4-109adda800ea", "This is another sentence.", "4cf14340-279c-11e2-a102-109adda800ea");
INSERT INTO Response VALUES("4cf22182-279c-11e2-a311-109adda800ea", "Who knows anymore.", "4cf21388-279c-11e2-bf61-109adda800ea");
INSERT INTO Response VALUES("4cf22378-279c-11e2-8c20-109adda800ea", "What even is this?", "4cf18a58-279c-11e2-8e7a-109adda800ea");
INSERT INTO Response VALUES("4cf2256c-279c-11e2-93a9-109adda800ea", "Some day...", "4cf1d61e-279c-11e2-ab83-109adda800ea");
INSERT INTO Response VALUES("4cf2274c-279c-11e2-847a-109adda800ea", "Who knows anymore.", "4cf11a8a-279c-11e2-b111-109adda800ea");
INSERT INTO Response VALUES("4cf22918-279c-11e2-91ab-109adda800ea", "I need more hobbies.", "4cf14340-279c-11e2-a102-109adda800ea");
INSERT INTO Response VALUES("4cf22b18-279c-11e2-af4a-109adda800ea", "Who knows anymore.", "4cf1d334-279c-11e2-a3ba-109adda800ea");
INSERT INTO Response VALUES("4cf22ce2-279c-11e2-b605-109adda800ea", "Why am I still doing this?", "4cf14052-279c-11e2-88ac-109adda800ea");
INSERT INTO Response VALUES("4cf22e9a-279c-11e2-b091-109adda800ea", "This is a sentence.", "4cf10326-279c-11e2-9c7f-109adda800ea");
INSERT INTO Response VALUES("4cf2305c-279c-11e2-b75c-109adda800ea", "Some day...", "4cf10c06-279c-11e2-8496-109adda800ea");
INSERT INTO Response VALUES("4cf23226-279c-11e2-8354-109adda800ea", "My whole life is ridiculous, really.", "4cf1ff24-279c-11e2-9ad2-109adda800ea");
INSERT INTO Response VALUES("4cf233f4-279c-11e2-ae7f-109adda800ea", "Why am I still doing this?", "4cf1f60a-279c-11e2-bff6-109adda800ea");
INSERT INTO Response VALUES("4cf235ae-279c-11e2-80ff-109adda800ea", "I need more hobbies.", "4cf1610c-279c-11e2-adec-109adda800ea");
INSERT INTO Response VALUES("4cf2376e-279c-11e2-93c1-109adda800ea", "My whole life is ridiculous, really.", "4cf14638-279c-11e2-b502-109adda800ea");
INSERT INTO Response VALUES("4cf23926-279c-11e2-9881-109adda800ea", "Why am I still doing this?", "4cf0f582-279c-11e2-80be-109adda800ea");
INSERT INTO Response VALUES("4cf23b06-279c-11e2-bb89-109adda800ea", "Some day...", "4cf1ad9e-279c-11e2-a16d-109adda800ea");
INSERT INTO Response VALUES("4cf23cc8-279c-11e2-b020-109adda800ea", "This is a sentence.", "4cf1caa4-279c-11e2-af0a-109adda800ea");
INSERT INTO Response VALUES("4cf23e9e-279c-11e2-aa48-109adda800ea", "Why am I still doing this?", "4cf0f9e4-279c-11e2-b673-109adda800ea");
INSERT INTO Response VALUES("4cf240a6-279c-11e2-9d79-109adda800ea", "Some day...", "4cf166d8-279c-11e2-b28b-109adda800ea");
INSERT INTO Response VALUES("4cf2425e-279c-11e2-93aa-109adda800ea", "Some day...", "4cf1e1c2-279c-11e2-a9dd-109adda800ea");
INSERT INTO Response VALUES("4cf2442c-279c-11e2-89c2-109adda800ea", "I need more hobbies.", "4cf1a7cc-279c-11e2-a295-109adda800ea");
INSERT INTO Response VALUES("4cf245f6-279c-11e2-b0b2-109adda800ea", "Why am I still doing this?", "4cf19f18-279c-11e2-b5e0-109adda800ea");
INSERT INTO Response VALUES("4cf247de-279c-11e2-b92a-109adda800ea", "What even is this?", "4cf15e1e-279c-11e2-afa6-109adda800ea");
INSERT INTO Response VALUES("4cf249a2-279c-11e2-9477-109adda800ea", "This is a sentence.", "4cf1dc1a-279c-11e2-8c9e-109adda800ea");
INSERT INTO Response VALUES("4cf24b6e-279c-11e2-a7c9-109adda800ea", "Some day...", "4cf17b5a-279c-11e2-8226-109adda800ea");
INSERT INTO Response VALUES("4cf24d76-279c-11e2-a9e8-109adda800ea", "Why am I still doing this?", "4cf18d64-279c-11e2-8f3d-109adda800ea");
INSERT INTO Response VALUES("4cf24f54-279c-11e2-b613-109adda800ea", "Who knows anymore.", "4cf117c8-279c-11e2-b7ca-109adda800ea");
INSERT INTO Response VALUES("4cf25118-279c-11e2-a8c6-109adda800ea", "What even is this?", "4cf21388-279c-11e2-bf61-109adda800ea");
INSERT INTO Response VALUES("4cf252ee-279c-11e2-a7be-109adda800ea", "I need more hobbies.", "4cf15b34-279c-11e2-bc0d-109adda800ea");
INSERT INTO Response VALUES("4cf254c2-279c-11e2-8b05-109adda800ea", "What even is this?", "4cf1e1c2-279c-11e2-a9dd-109adda800ea");
INSERT INTO Response VALUES("4cf256a4-279c-11e2-a9d8-109adda800ea", "This is a sentence.", "4cf10c06-279c-11e2-8496-109adda800ea");
INSERT INTO Response VALUES("4cf25886-279c-11e2-8e46-109adda800ea", "This is a sentence.", "4cf1293a-279c-11e2-831a-109adda800ea");
INSERT INTO Response VALUES("4cf25a64-279c-11e2-850a-109adda800ea", "I need more hobbies.", "4cf19366-279c-11e2-ab54-109adda800ea");
INSERT INTO Response VALUES("4cf25c46-279c-11e2-8fd9-109adda800ea", "This is a sentence.", "4cf15b34-279c-11e2-bc0d-109adda800ea");
INSERT INTO Response VALUES("4cf25e4c-279c-11e2-b6eb-109adda800ea", "What even is this?", "4cf1d940-279c-11e2-8cc0-109adda800ea");
INSERT INTO Response VALUES("4cf26036-279c-11e2-949f-109adda800ea", "What even is this?", "4cf20500-279c-11e2-875f-109adda800ea");
INSERT INTO Response VALUES("4cf2620a-279c-11e2-81d8-109adda800ea", "This is another sentence.", "4cf12040-279c-11e2-9233-109adda800ea");
INSERT INTO Response VALUES("4cf263cc-279c-11e2-8669-109adda800ea", "What even is this?", "4cf21934-279c-11e2-8689-109adda800ea");
INSERT INTO Response VALUES("4cf2659a-279c-11e2-825f-109adda800ea", "What even is this?", "4cf13a9e-279c-11e2-965a-109adda800ea");
INSERT INTO Response VALUES("4cf26752-279c-11e2-bd02-109adda800ea", "Why am I still doing this?", "4cf1fbee-279c-11e2-9759-109adda800ea");
INSERT INTO Response VALUES("4cf26928-279c-11e2-bf09-109adda800ea", "Why am I still doing this?", "4cf1f934-279c-11e2-8460-109adda800ea");
INSERT INTO Response VALUES("4cf26ae8-279c-11e2-a4f0-109adda800ea", "Who knows anymore.", "4cf163f0-279c-11e2-90cf-109adda800ea");
INSERT INTO Response VALUES("4cf26cb6-279c-11e2-8a2c-109adda800ea", "This is another sentence.", "4cf15e1e-279c-11e2-afa6-109adda800ea");
INSERT INTO Response VALUES("4cf26e80-279c-11e2-a9e0-109adda800ea", "Who knows anymore.", "4cf1e1c2-279c-11e2-a9dd-109adda800ea");
INSERT INTO Response VALUES("4cf2704c-279c-11e2-bb8e-109adda800ea", "My whole life is ridiculous, really.", "4cf17522-279c-11e2-a76c-109adda800ea");
INSERT INTO Response VALUES("4cf2721a-279c-11e2-917c-109adda800ea", "My whole life is ridiculous, really.", "4cf21388-279c-11e2-bf61-109adda800ea");
INSERT INTO Response VALUES("4cf273d2-279c-11e2-8270-109adda800ea", "I need more hobbies.", "4cf19930-279c-11e2-a24d-109adda800ea");
INSERT INTO Response VALUES("4cf275d2-279c-11e2-a8f7-109adda800ea", "I need more hobbies.", "4cf1c4f0-279c-11e2-982c-109adda800ea");
INSERT INTO Response VALUES("4cf27792-279c-11e2-bc2a-109adda800ea", "This is a sentence.", "4cf21c48-279c-11e2-afed-109adda800ea");
INSERT INTO Response VALUES("4cf27968-279c-11e2-8ae4-109adda800ea", "My whole life is ridiculous, really.", "4cf11d7a-279c-11e2-901c-109adda800ea");
INSERT INTO Response VALUES("4cf27b1e-279c-11e2-9004-109adda800ea", "Some day...", "4cf15b34-279c-11e2-bc0d-109adda800ea");
INSERT INTO Response VALUES("4cf27ce2-279c-11e2-8e94-109adda800ea", "I need more hobbies.", "4cf17e3a-279c-11e2-a07b-109adda800ea");
INSERT INTO Response VALUES("4cf27eae-279c-11e2-bbbe-109adda800ea", "What even is this?", "4cf157fe-279c-11e2-bc80-109adda800ea");
INSERT INTO Response VALUES("4cf28070-279c-11e2-b8dd-109adda800ea", "Who knows anymore.", "4cf1e78c-279c-11e2-842f-109adda800ea");
INSERT INTO Response VALUES("4cf28230-279c-11e2-8652-109adda800ea", "I need more hobbies.", "4cf17010-279c-11e2-81c0-109adda800ea");
INSERT INTO Response VALUES("4cf28412-279c-11e2-9ac5-109adda800ea", "Why am I still doing this?", "4cf1f60a-279c-11e2-bff6-109adda800ea");
INSERT INTO Response VALUES("4cf285ca-279c-11e2-8cde-109adda800ea", "Who knows anymore.", "4cf19930-279c-11e2-a24d-109adda800ea");
INSERT INTO Response VALUES("4cf2878c-279c-11e2-92ba-109adda800ea", "My whole life is ridiculous, really.", "4cf0f582-279c-11e2-80be-109adda800ea");
INSERT INTO Response VALUES("4cf28950-279c-11e2-a6d1-109adda800ea", "What even is this?", "4cf186de-279c-11e2-99f1-109adda800ea");
INSERT INTO Response VALUES("4cf28b1c-279c-11e2-baef-109adda800ea", "My whole life is ridiculous, really.", "4cf21c48-279c-11e2-afed-109adda800ea");
INSERT INTO Response VALUES("4cf28cfa-279c-11e2-9c9d-109adda800ea", "Some day...", "4cf17b5a-279c-11e2-8226-109adda800ea");
INSERT INTO Response VALUES("4cf28f02-279c-11e2-91d3-109adda800ea", "I need more hobbies.", "4cf1b370-279c-11e2-ae73-109adda800ea");
INSERT INTO Response VALUES("4cf290d8-279c-11e2-b4f6-109adda800ea", "Who knows anymore.", "4cf10326-279c-11e2-9c7f-109adda800ea");
INSERT INTO Response VALUES("4cf2929a-279c-11e2-82d7-109adda800ea", "Some day...", "4cf14638-279c-11e2-b502-109adda800ea");
INSERT INTO Response VALUES("4cf2945c-279c-11e2-a288-109adda800ea", "Who knows anymore.", "4cf1293a-279c-11e2-831a-109adda800ea");
INSERT INTO Response VALUES("4cf29650-279c-11e2-b461-109adda800ea", "My whole life is ridiculous, really.", "4cf15e1e-279c-11e2-afa6-109adda800ea");
INSERT INTO Response VALUES("4cf2981c-279c-11e2-9025-109adda800ea", "My whole life is ridiculous, really.", "4cf1d940-279c-11e2-8cc0-109adda800ea");
INSERT INTO Response VALUES("4cf299f0-279c-11e2-8417-109adda800ea", "Why am I still doing this?", "4cf1522c-279c-11e2-b878-109adda800ea");
INSERT INTO Response VALUES("4cf29bbe-279c-11e2-943d-109adda800ea", "This is another sentence.", "4cf1ad9e-279c-11e2-a16d-109adda800ea");
INSERT INTO Response VALUES("4cf29d92-279c-11e2-aaad-109adda800ea", "This is a sentence.", "4cf12ee6-279c-11e2-b94a-109adda800ea");
INSERT INTO Response VALUES("4cf29f6c-279c-11e2-8e5e-109adda800ea", "What even is this?", "4cf12662-279c-11e2-8d0c-109adda800ea");
INSERT INTO Response VALUES("4cf2a14a-279c-11e2-9918-109adda800ea", "Who knows anymore.", "4cf17e3a-279c-11e2-a07b-109adda800ea");
INSERT INTO Response VALUES("4cf2a318-279c-11e2-91f3-109adda800ea", "Some day...", "4cf1b92e-279c-11e2-9e54-109adda800ea");
INSERT INTO Response VALUES("4cf2a4e2-279c-11e2-8bdc-109adda800ea", "Who knows anymore.", "4cf10ef4-279c-11e2-97b0-109adda800ea");
INSERT INTO Response VALUES("4cf2a6a4-279c-11e2-87f3-109adda800ea", "Why am I still doing this?", "4cf1d334-279c-11e2-a3ba-109adda800ea");
INSERT INTO Response VALUES("4cf2a866-279c-11e2-87ed-109adda800ea", "Who knows anymore.", "4cf16cc6-279c-11e2-9187-109adda800ea");
INSERT INTO Response VALUES("4cf2aa30-279c-11e2-b5e9-109adda800ea", "I need more hobbies.", "4cf1c7ca-279c-11e2-88a8-109adda800ea");
INSERT INTO Response VALUES("4cf2abec-279c-11e2-aa67-109adda800ea", "Who knows anymore.", "4cf1377e-279c-11e2-9904-109adda800ea");
INSERT INTO Response VALUES("4cf2adae-279c-11e2-bad9-109adda800ea", "Some day...", "4cf131ac-279c-11e2-abb5-109adda800ea");
INSERT INTO Response VALUES("4cf2af82-279c-11e2-a281-109adda800ea", "My whole life is ridiculous, really.", "4cf0f582-279c-11e2-80be-109adda800ea");
INSERT INTO Response VALUES("4cf2b150-279c-11e2-bbdc-109adda800ea", "My whole life is ridiculous, really.", "4cf0f582-279c-11e2-80be-109adda800ea");
INSERT INTO Response VALUES("4cf2b338-279c-11e2-96d6-109adda800ea", "I need more hobbies.", "4cf14052-279c-11e2-88ac-109adda800ea");
INSERT INTO Response VALUES("4cf2b524-279c-11e2-95ee-109adda800ea", "What even is this?", "4cf20500-279c-11e2-875f-109adda800ea");
INSERT INTO Response VALUES("4cf2b702-279c-11e2-8ba6-109adda800ea", "Why am I still doing this?", "4cf1f068-279c-11e2-9c08-109adda800ea");
INSERT INTO Response VALUES("4cf2b8d0-279c-11e2-ab28-109adda800ea", "My whole life is ridiculous, really.", "4cf14638-279c-11e2-b502-109adda800ea");
INSERT INTO Response VALUES("4cf2bd6c-279c-11e2-a1ce-109adda800ea", "What even is this?", "4cf18a58-279c-11e2-8e7a-109adda800ea");
INSERT INTO Response VALUES("4cf2bf4a-279c-11e2-b91e-109adda800ea", "What even is this?", "4cf10ef4-279c-11e2-97b0-109adda800ea");
INSERT INTO Response VALUES("4cf2c118-279c-11e2-82c3-109adda800ea", "Who knows anymore.", "4cf1ed40-279c-11e2-90d1-109adda800ea");
INSERT INTO Response VALUES("4cf2c314-279c-11e2-8403-109adda800ea", "My whole life is ridiculous, really.", "4cf1522c-279c-11e2-b878-109adda800ea");
INSERT INTO Response VALUES("4cf2c526-279c-11e2-87d7-109adda800ea", "Why am I still doing this?", "4cf17010-279c-11e2-81c0-109adda800ea");
INSERT INTO Response VALUES("4cf2c6fa-279c-11e2-accf-109adda800ea", "What even is this?", "4cf111fe-279c-11e2-8447-109adda800ea");
INSERT INTO Response VALUES("4cf2c8be-279c-11e2-a720-109adda800ea", "Some day...", "4cf2165a-279c-11e2-92f5-109adda800ea");
INSERT INTO Response VALUES("4cf2ca8a-279c-11e2-9226-109adda800ea", "This is another sentence.", "4cf134ae-279c-11e2-88ef-109adda800ea");
INSERT INTO Response VALUES("4cf2cc4c-279c-11e2-adfb-109adda800ea", "I need more hobbies.", "4cf1f934-279c-11e2-8460-109adda800ea");
INSERT INTO Response VALUES("4cf2ce10-279c-11e2-bc10-109adda800ea", "What even is this?", "4cf10c06-279c-11e2-8496-109adda800ea");
INSERT INTO Response VALUES("4cf2cfd0-279c-11e2-bf55-109adda800ea", "Some day...", "4cf15b34-279c-11e2-bc0d-109adda800ea");
INSERT INTO Response VALUES("4cf2d188-279c-11e2-96f2-109adda800ea", "I need more hobbies.", "4cf2165a-279c-11e2-92f5-109adda800ea");
INSERT INTO Response VALUES("4cf2d340-279c-11e2-aa52-109adda800ea", "My whole life is ridiculous, really.", "4cf1f60a-279c-11e2-bff6-109adda800ea");
INSERT INTO Response VALUES("4cf2d518-279c-11e2-9a67-109adda800ea", "This is a sentence.", "4cf1e494-279c-11e2-bb40-109adda800ea");
INSERT INTO Response VALUES("4cf2d6d8-279c-11e2-bde2-109adda800ea", "This is a sentence.", "4cf1f60a-279c-11e2-bff6-109adda800ea");
INSERT INTO Response VALUES("4cf2d8ae-279c-11e2-9aa1-109adda800ea", "I need more hobbies.", "4cf21c48-279c-11e2-afed-109adda800ea");
INSERT INTO Response VALUES("4cf2da78-279c-11e2-a6ba-109adda800ea", "What even is this?", "4cf16cc6-279c-11e2-9187-109adda800ea");
INSERT INTO Response VALUES("4cf2dc64-279c-11e2-872e-109adda800ea", "Who knows anymore.", "4cf17838-279c-11e2-b64d-109adda800ea");
INSERT INTO Response VALUES("4cf2de76-279c-11e2-87a9-109adda800ea", "Why am I still doing this?", "4cf1a4e8-279c-11e2-be1f-109adda800ea");
INSERT INTO Response VALUES("4cf2e042-279c-11e2-94ec-109adda800ea", "My whole life is ridiculous, really.", "4cf16cc6-279c-11e2-9187-109adda800ea");
INSERT INTO Response VALUES("4cf2e206-279c-11e2-b40e-109adda800ea", "This is a sentence.", "4cf186de-279c-11e2-99f1-109adda800ea");
INSERT INTO Response VALUES("4cf2e3ba-279c-11e2-8b94-109adda800ea", "Who knows anymore.", "4cf1b654-279c-11e2-8d5c-109adda800ea");
INSERT INTO Response VALUES("4cf2e5c6-279c-11e2-9dd6-109adda800ea", "I need more hobbies.", "4cf1ff24-279c-11e2-9ad2-109adda800ea");
INSERT INTO Response VALUES("4cf2e7ae-279c-11e2-8bd3-109adda800ea", "Who knows anymore.", "4cf1b92e-279c-11e2-9e54-109adda800ea");
INSERT INTO Response VALUES("4cf2e9a2-279c-11e2-9c62-109adda800ea", "This is another sentence.", "4cf163f0-279c-11e2-90cf-109adda800ea");
INSERT INTO Response VALUES("4cf2eb82-279c-11e2-9674-109adda800ea", "Who knows anymore.", "4cf1b08a-279c-11e2-8107-109adda800ea");
INSERT INTO Response VALUES("4cf2ed46-279c-11e2-84bc-109adda800ea", "Why am I still doing this?", "4cf1dc1a-279c-11e2-8c9e-109adda800ea");
INSERT INTO Response VALUES("4cf2ef10-279c-11e2-95a2-109adda800ea", "This is a sentence.", "4cf19366-279c-11e2-ab54-109adda800ea");
INSERT INTO Response VALUES("4cf2f0e6-279c-11e2-8eff-109adda800ea", "Some day...", "4cf1c4f0-279c-11e2-982c-109adda800ea");
INSERT INTO Response VALUES("4cf2f2a8-279c-11e2-9f81-109adda800ea", "This is another sentence.", "4cf1bc26-279c-11e2-a16e-109adda800ea");
INSERT INTO Response VALUES("4cf2f4a6-279c-11e2-966e-109adda800ea", "Who knows anymore.", "4cf163f0-279c-11e2-90cf-109adda800ea");
INSERT INTO Response VALUES("4cf2f674-279c-11e2-b6cd-109adda800ea", "Some day...", "4cf1c1f8-279c-11e2-a6c4-109adda800ea");
INSERT INTO Response VALUES("4cf2f852-279c-11e2-8b1e-109adda800ea", "This is another sentence.", "4cf15b34-279c-11e2-bc0d-109adda800ea");
INSERT INTO Response VALUES("4cf2fa28-279c-11e2-b2bc-109adda800ea", "This is a sentence.", "4cf157fe-279c-11e2-bc80-109adda800ea");
INSERT INTO Response VALUES("4cf2fbf4-279c-11e2-8f1f-109adda800ea", "I need more hobbies.", "4cf14f34-279c-11e2-971e-109adda800ea");
INSERT INTO Response VALUES("4cf2fdac-279c-11e2-9a9f-109adda800ea", "Some day...", "4cf1b08a-279c-11e2-8107-109adda800ea");
INSERT INTO Response VALUES("4cf2ff82-279c-11e2-bdb3-109adda800ea", "My whole life is ridiculous, really.", "4cf17e3a-279c-11e2-a07b-109adda800ea");
INSERT INTO Response VALUES("4cf30142-279c-11e2-b5e4-109adda800ea", "Why am I still doing this?", "4cf21070-279c-11e2-b265-109adda800ea");
INSERT INTO Response VALUES("4cf30362-279c-11e2-8a71-109adda800ea", "Some day...", "4cf1e1c2-279c-11e2-a9dd-109adda800ea");
INSERT INTO Response VALUES("4cf30536-279c-11e2-b740-109adda800ea", "My whole life is ridiculous, really.", "4cf12040-279c-11e2-9233-109adda800ea");
INSERT INTO Response VALUES("4cf3070c-279c-11e2-bfbb-109adda800ea", "What even is this?", "4cf1e78c-279c-11e2-842f-109adda800ea");
INSERT INTO Response VALUES("4cf308c6-279c-11e2-b450-109adda800ea", "What even is this?", "4cf1a4e8-279c-11e2-be1f-109adda800ea");
INSERT INTO Response VALUES("4cf30aa4-279c-11e2-b48a-109adda800ea", "Some day...", "4cf1fbee-279c-11e2-9759-109adda800ea");
INSERT INTO Response VALUES("4cf30c70-279c-11e2-b483-109adda800ea", "What even is this?", "4cf1b92e-279c-11e2-9e54-109adda800ea");
INSERT INTO Response VALUES("4cf30e34-279c-11e2-aa52-109adda800ea", "My whole life is ridiculous, really.", "4cf1b08a-279c-11e2-8107-109adda800ea");
INSERT INTO Response VALUES("4cf30ff4-279c-11e2-bb54-109adda800ea", "Who knows anymore.", "4cf13d78-279c-11e2-b985-109adda800ea");
INSERT INTO Response VALUES("4cf311ca-279c-11e2-b4de-109adda800ea", "Why am I still doing this?", "4cf1ea66-279c-11e2-9960-109adda800ea");
INSERT INTO Response VALUES("4cf3138a-279c-11e2-b6e1-109adda800ea", "Some day...", "4cf1caa4-279c-11e2-af0a-109adda800ea");
INSERT INTO Response VALUES("4cf3154c-279c-11e2-95e9-109adda800ea", "This is a sentence.", "4cf1e78c-279c-11e2-842f-109adda800ea");
INSERT INTO Response VALUES("4cf31710-279c-11e2-90e9-109adda800ea", "What even is this?", "4cf166d8-279c-11e2-b28b-109adda800ea");
INSERT INTO Response VALUES("4cf31910-279c-11e2-a670-109adda800ea", "My whole life is ridiculous, really.", "4cf1ed40-279c-11e2-90d1-109adda800ea");
INSERT INTO Response VALUES("4cf31af8-279c-11e2-8d7c-109adda800ea", "Why am I still doing this?", "4cf12040-279c-11e2-9233-109adda800ea");
INSERT INTO Response VALUES("4cf31cba-279c-11e2-b3b9-109adda800ea", "What even is this?", "4cf20208-279c-11e2-8a24-109adda800ea");
INSERT INTO Response VALUES("4cf31ea4-279c-11e2-a5e7-109adda800ea", "What even is this?", "4cf186de-279c-11e2-99f1-109adda800ea");
INSERT INTO Response VALUES("4cf32086-279c-11e2-b917-109adda800ea", "Who knows anymore.", "4cf163f0-279c-11e2-90cf-109adda800ea");
INSERT INTO Response VALUES("4cf3223a-279c-11e2-9340-109adda800ea", "My whole life is ridiculous, really.", "4cf1810c-279c-11e2-b448-109adda800ea");
INSERT INTO Response VALUES("4cf323fe-279c-11e2-8f0d-109adda800ea", "This is another sentence.", "4cf131ac-279c-11e2-abb5-109adda800ea");
INSERT INTO Response VALUES("4cf325d4-279c-11e2-a1e2-109adda800ea", "My whole life is ridiculous, really.", "4cf14340-279c-11e2-a102-109adda800ea");
INSERT INTO Response VALUES("4cf32798-279c-11e2-9863-109adda800ea", "Some day...", "4cf114ec-279c-11e2-abcd-109adda800ea");
INSERT INTO Response VALUES("4cf3295a-279c-11e2-bcad-109adda800ea", "Why am I still doing this?", "4cf1e1c2-279c-11e2-a9dd-109adda800ea");
INSERT INTO Response VALUES("4cf32b62-279c-11e2-be96-109adda800ea", "I need more hobbies.", "4cf1551c-279c-11e2-a607-109adda800ea");
INSERT INTO Response VALUES("4cf32d24-279c-11e2-907a-109adda800ea", "What even is this?", "4cf1ed40-279c-11e2-90d1-109adda800ea");
INSERT INTO Response VALUES("4cf32eee-279c-11e2-a3ed-109adda800ea", "My whole life is ridiculous, really.", "4cf21934-279c-11e2-8689-109adda800ea");
INSERT INTO Response VALUES("4cf330c6-279c-11e2-bd33-109adda800ea", "Who knows anymore.", "4cf10914-279c-11e2-9eb1-109adda800ea");
INSERT INTO Response VALUES("4cf33292-279c-11e2-893a-109adda800ea", "Some day...", "4cf13d78-279c-11e2-b985-109adda800ea");
INSERT INTO Response VALUES("4cf33452-279c-11e2-a81c-109adda800ea", "Some day...", "4cf1063a-279c-11e2-88b6-109adda800ea");
INSERT INTO Response VALUES("4cf33614-279c-11e2-8bd6-109adda800ea", "Who knows anymore.", "4cf1293a-279c-11e2-831a-109adda800ea");
INSERT INTO Response VALUES("4cf337e2-279c-11e2-adf2-109adda800ea", "My whole life is ridiculous, really.", "4cf0ff18-279c-11e2-a393-109adda800ea");
INSERT INTO Response VALUES("4cf339a4-279c-11e2-a8d8-109adda800ea", "Who knows anymore.", "4cf186de-279c-11e2-99f1-109adda800ea");
INSERT INTO Response VALUES("4cf33b6e-279c-11e2-a413-109adda800ea", "Who knows anymore.", "4cf1c4f0-279c-11e2-982c-109adda800ea");
INSERT INTO Response VALUES("4cf33d3a-279c-11e2-bce6-109adda800ea", "What even is this?", "4cf19636-279c-11e2-9fd6-109adda800ea");
INSERT INTO Response VALUES("4cf33f12-279c-11e2-81f9-109adda800ea", "Who knows anymore.", "4cf166d8-279c-11e2-b28b-109adda800ea");
INSERT INTO Response VALUES("4cf340c8-279c-11e2-9a8d-109adda800ea", "This is a sentence.", "4cf21070-279c-11e2-b265-109adda800ea");
INSERT INTO Response VALUES("4cf342e4-279c-11e2-bf1c-109adda800ea", "My whole life is ridiculous, really.", "4cf17838-279c-11e2-b64d-109adda800ea");
INSERT INTO Response VALUES("4cf344d8-279c-11e2-bb64-109adda800ea", "Why am I still doing this?", "4cf1c4f0-279c-11e2-982c-109adda800ea");
INSERT INTO Response VALUES("4cf346c2-279c-11e2-bb9f-109adda800ea", "Some day...", "4cf1caa4-279c-11e2-af0a-109adda800ea");
INSERT INTO Response VALUES("4cf34886-279c-11e2-bbe7-109adda800ea", "Who knows anymore.", "4cf1e494-279c-11e2-bb40-109adda800ea");
INSERT INTO Response VALUES("4cf34a52-279c-11e2-ac27-109adda800ea", "My whole life is ridiculous, really.", "4cf1f068-279c-11e2-9c08-109adda800ea");
INSERT INTO Response VALUES("4cf34c12-279c-11e2-bc26-109adda800ea", "What even is this?", "4cf0f9e4-279c-11e2-b673-109adda800ea");
INSERT INTO Response VALUES("4cf34ddc-279c-11e2-8201-109adda800ea", "What even is this?", "4cf2165a-279c-11e2-92f5-109adda800ea");
INSERT INTO Response VALUES("4cf34fb6-279c-11e2-b78d-109adda800ea", "I need more hobbies.", "4cf13a9e-279c-11e2-965a-109adda800ea");
INSERT INTO Response VALUES("4cf35194-279c-11e2-83c6-109adda800ea", "This is another sentence.", "4cf10326-279c-11e2-9c7f-109adda800ea");
INSERT INTO Response VALUES("4cf35362-279c-11e2-b028-109adda800ea", "I need more hobbies.", "4cf1810c-279c-11e2-b448-109adda800ea");
INSERT INTO Response VALUES("4cf35536-279c-11e2-8324-109adda800ea", "This is another sentence.", "4cf20208-279c-11e2-8a24-109adda800ea");
INSERT INTO Response VALUES("4cf35702-279c-11e2-bd7a-109adda800ea", "This is another sentence.", "4cf13a9e-279c-11e2-965a-109adda800ea");
INSERT INTO Response VALUES("4cf358d0-279c-11e2-afbe-109adda800ea", "Some day...", "4cf17010-279c-11e2-81c0-109adda800ea");
INSERT INTO Response VALUES("4cf35a92-279c-11e2-a349-109adda800ea", "What even is this?", "4cf10914-279c-11e2-9eb1-109adda800ea");
INSERT INTO Response VALUES("4cf35c5c-279c-11e2-b21e-109adda800ea", "I need more hobbies.", "4cf1b92e-279c-11e2-9e54-109adda800ea");
INSERT INTO Response VALUES("4cf35e34-279c-11e2-8f12-109adda800ea", "Who knows anymore.", "4cf1ad9e-279c-11e2-a16d-109adda800ea");
INSERT INTO Response VALUES("4cf36012-279c-11e2-849c-109adda800ea", "I need more hobbies.", "4cf20ac8-279c-11e2-b18e-109adda800ea");
INSERT INTO Response VALUES("4cf361e8-279c-11e2-b77b-109adda800ea", "Some day...", "4cf114ec-279c-11e2-abcd-109adda800ea");
INSERT INTO Response VALUES("4cf363b4-279c-11e2-92f9-109adda800ea", "What even is this?", "4cf1e78c-279c-11e2-842f-109adda800ea");
INSERT INTO Response VALUES("4cf36594-279c-11e2-b636-109adda800ea", "This is another sentence.", "4cf111fe-279c-11e2-8447-109adda800ea");
INSERT INTO Response VALUES("4cf36758-279c-11e2-a892-109adda800ea", "I need more hobbies.", "4cf1ad9e-279c-11e2-a16d-109adda800ea");
INSERT INTO Response VALUES("4cf3692c-279c-11e2-8e80-109adda800ea", "This is a sentence.", "4cf1551c-279c-11e2-a607-109adda800ea");
INSERT INTO Response VALUES("4cf36aee-279c-11e2-8c2d-109adda800ea", "My whole life is ridiculous, really.", "4cf1237e-279c-11e2-b087-109adda800ea");
INSERT INTO Response VALUES("4cf36cb0-279c-11e2-8410-109adda800ea", "I need more hobbies.", "4cf114ec-279c-11e2-abcd-109adda800ea");
INSERT INTO Response VALUES("4cf36e7e-279c-11e2-bb28-109adda800ea", "I need more hobbies.", "4cf1cd68-279c-11e2-8071-109adda800ea");
INSERT INTO Response VALUES("4cf3703e-279c-11e2-8b5d-109adda800ea", "My whole life is ridiculous, really.", "4cf17e3a-279c-11e2-a07b-109adda800ea");
INSERT INTO Response VALUES("4cf3720a-279c-11e2-bc73-109adda800ea", "Some day...", "4cf15e1e-279c-11e2-afa6-109adda800ea");
INSERT INTO Response VALUES("4cf373c2-279c-11e2-9192-109adda800ea", "Why am I still doing this?", "4cf19f18-279c-11e2-b5e0-109adda800ea");
INSERT INTO Response VALUES("4cf375fe-279c-11e2-b974-109adda800ea", "Why am I still doing this?", "4cf1b370-279c-11e2-ae73-109adda800ea");
INSERT INTO Response VALUES("4cf377c8-279c-11e2-be78-109adda800ea", "Why am I still doing this?", "4cf14052-279c-11e2-88ac-109adda800ea");
INSERT INTO Response VALUES("4cf379c8-279c-11e2-a13d-109adda800ea", "What even is this?", "4cf131ac-279c-11e2-abb5-109adda800ea");
INSERT INTO Response VALUES("4cf37bae-279c-11e2-ba3d-109adda800ea", "This is another sentence.", "4cf1f60a-279c-11e2-bff6-109adda800ea");
INSERT INTO Response VALUES("4cf37d86-279c-11e2-8865-109adda800ea", "I need more hobbies.", "4cf1377e-279c-11e2-9904-109adda800ea");
INSERT INTO Response VALUES("4cf37f5c-279c-11e2-b4b2-109adda800ea", "My whole life is ridiculous, really.", "4cf1e78c-279c-11e2-842f-109adda800ea");
INSERT INTO Response VALUES("4cf38134-279c-11e2-b742-109adda800ea", "This is another sentence.", "4cf1ff24-279c-11e2-9ad2-109adda800ea");
INSERT INTO Response VALUES("4cf38308-279c-11e2-8779-109adda800ea", "What even is this?", "4cf166d8-279c-11e2-b28b-109adda800ea");
INSERT INTO Response VALUES("4cf384c0-279c-11e2-9b54-109adda800ea", "My whole life is ridiculous, really.", "4cf183e6-279c-11e2-8746-109adda800ea");
INSERT INTO Response VALUES("4cf3868a-279c-11e2-ac69-109adda800ea", "This is another sentence.", "4cf11a8a-279c-11e2-b111-109adda800ea");
INSERT INTO Response VALUES("4cf38862-279c-11e2-8ca3-109adda800ea", "Some day...", "4cef3ac8-279c-11e2-88e6-109adda800ea");
INSERT INTO Response VALUES("4cf38a76-279c-11e2-b84e-109adda800ea", "This is another sentence.", "4cf1d61e-279c-11e2-ab83-109adda800ea");
INSERT INTO Response VALUES("4cf38c36-279c-11e2-aefa-109adda800ea", "What even is this?", "4cf14052-279c-11e2-88ac-109adda800ea");
INSERT INTO Response VALUES("4cf38e0c-279c-11e2-a274-109adda800ea", "What even is this?", "4cf0f582-279c-11e2-80be-109adda800ea");
INSERT INTO Response_Map VALUES("4cf39050-279c-11e2-8b7e-109adda800ea", "4cf0f582-279c-11e2-80be-109adda800ea", "4cf31710-279c-11e2-90e9-109adda800ea");
INSERT INTO Response_Map VALUES("4cf39250-279c-11e2-9445-109adda800ea", "4cf1063a-279c-11e2-88b6-109adda800ea", "4cf233f4-279c-11e2-ae7f-109adda800ea");
INSERT INTO Response_Map VALUES("4cf3942e-279c-11e2-a42c-109adda800ea", "4cf10914-279c-11e2-9eb1-109adda800ea", "4cf3720a-279c-11e2-bc73-109adda800ea");
INSERT INTO Response_Map VALUES("4cf395fa-279c-11e2-a39c-109adda800ea", "4cf10c06-279c-11e2-8496-109adda800ea", "4cf30362-279c-11e2-8a71-109adda800ea");
INSERT INTO Response_Map VALUES("4cf397e4-279c-11e2-939b-109adda800ea", "4cf10ef4-279c-11e2-97b0-109adda800ea", "4cf34fb6-279c-11e2-b78d-109adda800ea");
INSERT INTO Response_Map VALUES("4cf399e2-279c-11e2-bcd2-109adda800ea", "4cf117c8-279c-11e2-b7ca-109adda800ea", "4cf340c8-279c-11e2-9a8d-109adda800ea");
INSERT INTO Response_Map VALUES("4cf39b5e-279c-11e2-b9f0-109adda800ea", "4cf117c8-279c-11e2-b7ca-109adda800ea", "4cf3070c-279c-11e2-bfbb-109adda800ea");
INSERT INTO Response_Map VALUES("4cf39d48-279c-11e2-bcfb-109adda800ea", "4cf11d7a-279c-11e2-901c-109adda800ea", "4cf3703e-279c-11e2-8b5d-109adda800ea");
INSERT INTO Response_Map VALUES("4cf39ecc-279c-11e2-8080-109adda800ea", "4cf11d7a-279c-11e2-901c-109adda800ea", "4cf247de-279c-11e2-b92a-109adda800ea");
INSERT INTO Response_Map VALUES("4cf3a07a-279c-11e2-88ce-109adda800ea", "4cf11d7a-279c-11e2-901c-109adda800ea", "4cf3868a-279c-11e2-ac69-109adda800ea");
INSERT INTO Response_Map VALUES("4cf3a278-279c-11e2-b094-109adda800ea", "4cf12ee6-279c-11e2-b94a-109adda800ea", "4cf22b18-279c-11e2-af4a-109adda800ea");
INSERT INTO Response_Map VALUES("4cf3a450-279c-11e2-90dc-109adda800ea", "4cf131ac-279c-11e2-abb5-109adda800ea", "4cf2d340-279c-11e2-aa52-109adda800ea");
INSERT INTO Response_Map VALUES("4cf3a624-279c-11e2-9c44-109adda800ea", "4cf134ae-279c-11e2-88ef-109adda800ea", "4cf2dc64-279c-11e2-872e-109adda800ea");
INSERT INTO Response_Map VALUES("4cf3a7ac-279c-11e2-bcab-109adda800ea", "4cf134ae-279c-11e2-88ef-109adda800ea", "4cf2fbf4-279c-11e2-8f1f-109adda800ea");
INSERT INTO Response_Map VALUES("4cf3a998-279c-11e2-9235-109adda800ea", "4cf13a9e-279c-11e2-965a-109adda800ea", "4cf290d8-279c-11e2-b4f6-109adda800ea");
INSERT INTO Response_Map VALUES("4cf3ab1c-279c-11e2-bce6-109adda800ea", "4cf13a9e-279c-11e2-965a-109adda800ea", "4cf2fbf4-279c-11e2-8f1f-109adda800ea");
INSERT INTO Response_Map VALUES("4cf3ad08-279c-11e2-bdec-109adda800ea", "4cf13d78-279c-11e2-b985-109adda800ea", "4cf38a76-279c-11e2-b84e-109adda800ea");
INSERT INTO Response_Map VALUES("4cf3aeac-279c-11e2-925e-109adda800ea", "4cf13d78-279c-11e2-b985-109adda800ea", "4cf26cb6-279c-11e2-8a2c-109adda800ea");
INSERT INTO Response_Map VALUES("4cf3b09e-279c-11e2-ac06-109adda800ea", "4cf14340-279c-11e2-a102-109adda800ea", "4cf2c526-279c-11e2-87d7-109adda800ea");
INSERT INTO Response_Map VALUES("4cf3b21a-279c-11e2-a873-109adda800ea", "4cf14340-279c-11e2-a102-109adda800ea", "4cf2adae-279c-11e2-bad9-109adda800ea");
INSERT INTO Response_Map VALUES("4cf3b3f8-279c-11e2-9b4d-109adda800ea", "4cf14638-279c-11e2-b502-109adda800ea", "4cf30e34-279c-11e2-aa52-109adda800ea");
INSERT INTO Response_Map VALUES("4cf3b58a-279c-11e2-8e27-109adda800ea", "4cf14638-279c-11e2-b502-109adda800ea", "4cf2fbf4-279c-11e2-8f1f-109adda800ea");
INSERT INTO Response_Map VALUES("4cf3b71a-279c-11e2-ba55-109adda800ea", "4cf14638-279c-11e2-b502-109adda800ea", "4cf3154c-279c-11e2-95e9-109adda800ea");
INSERT INTO Response_Map VALUES("4cf3b902-279c-11e2-9927-109adda800ea", "4cf1496c-279c-11e2-8846-109adda800ea", "4cf377c8-279c-11e2-be78-109adda800ea");
INSERT INTO Response_Map VALUES("4cf3bad0-279c-11e2-b2c4-109adda800ea", "4cf14c3a-279c-11e2-95c2-109adda800ea", "4cf22e9a-279c-11e2-b091-109adda800ea");
INSERT INTO Response_Map VALUES("4cf3bc5e-279c-11e2-b807-109adda800ea", "4cf14c3a-279c-11e2-95c2-109adda800ea", "4cf26ae8-279c-11e2-a4f0-109adda800ea");
INSERT INTO Response_Map VALUES("4cf3be90-279c-11e2-8d14-109adda800ea", "4cf157fe-279c-11e2-bc80-109adda800ea", "4cf323fe-279c-11e2-8f0d-109adda800ea");
INSERT INTO Response_Map VALUES("4cf3c018-279c-11e2-a727-109adda800ea", "4cf157fe-279c-11e2-bc80-109adda800ea", "4cf35702-279c-11e2-bd7a-109adda800ea");
INSERT INTO Response_Map VALUES("4cf3c1a6-279c-11e2-84da-109adda800ea", "4cf157fe-279c-11e2-bc80-109adda800ea", "4cf36012-279c-11e2-849c-109adda800ea");
INSERT INTO Response_Map VALUES("4cf3c3a4-279c-11e2-aaec-109adda800ea", "4cf15b34-279c-11e2-bc0d-109adda800ea", "4cf27b1e-279c-11e2-9004-109adda800ea");
INSERT INTO Response_Map VALUES("4cf3c5b6-279c-11e2-9d39-109adda800ea", "4cf1610c-279c-11e2-adec-109adda800ea", "4cf2d8ae-279c-11e2-9aa1-109adda800ea");
INSERT INTO Response_Map VALUES("4cf3c78c-279c-11e2-87f9-109adda800ea", "4cf163f0-279c-11e2-90cf-109adda800ea", "4cf2929a-279c-11e2-82d7-109adda800ea");
INSERT INTO Response_Map VALUES("4cf3c912-279c-11e2-a5c8-109adda800ea", "4cf163f0-279c-11e2-90cf-109adda800ea", "4cf2a6a4-279c-11e2-87f3-109adda800ea");
INSERT INTO Response_Map VALUES("4cf3cade-279c-11e2-bedb-109adda800ea", "4cf166d8-279c-11e2-b28b-109adda800ea", "4cf2e206-279c-11e2-b40e-109adda800ea");
INSERT INTO Response_Map VALUES("4cf3cca8-279c-11e2-9a65-109adda800ea", "4cf17010-279c-11e2-81c0-109adda800ea", "4cf22e9a-279c-11e2-b091-109adda800ea");
INSERT INTO Response_Map VALUES("4cf3ce76-279c-11e2-a17a-109adda800ea", "4cf17838-279c-11e2-b64d-109adda800ea", "4cf23226-279c-11e2-8354-109adda800ea");
INSERT INTO Response_Map VALUES("4cf3d042-279c-11e2-b0b6-109adda800ea", "4cf17838-279c-11e2-b64d-109adda800ea", "4cf2abec-279c-11e2-aa67-109adda800ea");
INSERT INTO Response_Map VALUES("4cf3d1e6-279c-11e2-86d9-109adda800ea", "4cf17838-279c-11e2-b64d-109adda800ea", "4cf2b338-279c-11e2-96d6-109adda800ea");
INSERT INTO Response_Map VALUES("4cf3d3ba-279c-11e2-98e0-109adda800ea", "4cf17b5a-279c-11e2-8226-109adda800ea", "4cf37bae-279c-11e2-ba3d-109adda800ea");
INSERT INTO Response_Map VALUES("4cf3d54c-279c-11e2-bbc8-109adda800ea", "4cf17b5a-279c-11e2-8226-109adda800ea", "4cf2a4e2-279c-11e2-8bdc-109adda800ea");
INSERT INTO Response_Map VALUES("4cf3d738-279c-11e2-95bb-109adda800ea", "4cf19082-279c-11e2-8f6b-109adda800ea", "4cf2b8d0-279c-11e2-ab28-109adda800ea");
INSERT INTO Response_Map VALUES("4cf3d928-279c-11e2-91fa-109adda800ea", "4cf19930-279c-11e2-a24d-109adda800ea", "4cf2da78-279c-11e2-a6ba-109adda800ea");
INSERT INTO Response_Map VALUES("4cf3db0a-279c-11e2-982d-109adda800ea", "4cf19c28-279c-11e2-8c1c-109adda800ea", "4cf379c8-279c-11e2-a13d-109adda800ea");
INSERT INTO Response_Map VALUES("4cf3dcd8-279c-11e2-a4a4-109adda800ea", "4cf1a4e8-279c-11e2-be1f-109adda800ea", "4cf358d0-279c-11e2-afbe-109adda800ea");
INSERT INTO Response_Map VALUES("4cf3de5c-279c-11e2-8f31-109adda800ea", "4cf1a4e8-279c-11e2-be1f-109adda800ea", "4cf2659a-279c-11e2-825f-109adda800ea");
INSERT INTO Response_Map VALUES("4cf3e030-279c-11e2-98c3-109adda800ea", "4cf1a7cc-279c-11e2-a295-109adda800ea", "4cf34a52-279c-11e2-ac27-109adda800ea");
INSERT INTO Response_Map VALUES("4cf3e1ae-279c-11e2-98f0-109adda800ea", "4cf1a7cc-279c-11e2-a295-109adda800ea", "4cf2659a-279c-11e2-825f-109adda800ea");
INSERT INTO Response_Map VALUES("4cf3e328-279c-11e2-8a4c-109adda800ea", "4cf1a7cc-279c-11e2-a295-109adda800ea", "4cf31af8-279c-11e2-8d7c-109adda800ea");
INSERT INTO Response_Map VALUES("4cf3e514-279c-11e2-9855-109adda800ea", "4cf1ad9e-279c-11e2-a16d-109adda800ea", "4cf3703e-279c-11e2-8b5d-109adda800ea");
INSERT INTO Response_Map VALUES("4cf3e69a-279c-11e2-b981-109adda800ea", "4cf1ad9e-279c-11e2-a16d-109adda800ea", "4cf330c6-279c-11e2-bd33-109adda800ea");
INSERT INTO Response_Map VALUES("4cf3e82c-279c-11e2-b80e-109adda800ea", "4cf1ad9e-279c-11e2-a16d-109adda800ea", "4cf2376e-279c-11e2-93c1-109adda800ea");
INSERT INTO Response_Map VALUES("4cf3ea12-279c-11e2-a88a-109adda800ea", "4cf1b370-279c-11e2-ae73-109adda800ea", "4cf28230-279c-11e2-8652-109adda800ea");
INSERT INTO Response_Map VALUES("4cf3eba4-279c-11e2-9a73-109adda800ea", "4cf1b370-279c-11e2-ae73-109adda800ea", "4cf31710-279c-11e2-90e9-109adda800ea");
INSERT INTO Response_Map VALUES("4cf3ed78-279c-11e2-8503-109adda800ea", "4cf1b654-279c-11e2-8d5c-109adda800ea", "4cf29bbe-279c-11e2-943d-109adda800ea");
INSERT INTO Response_Map VALUES("4cf3ef14-279c-11e2-ace5-109adda800ea", "4cf1b654-279c-11e2-8d5c-109adda800ea", "4cf2878c-279c-11e2-92ba-109adda800ea");
INSERT INTO Response_Map VALUES("4cf3f0de-279c-11e2-b661-109adda800ea", "4cf1bf14-279c-11e2-98a7-109adda800ea", "4cf37f5c-279c-11e2-b4b2-109adda800ea");
INSERT INTO Response_Map VALUES("4cf3f2ca-279c-11e2-9f56-109adda800ea", "4cf1c1f8-279c-11e2-a6c4-109adda800ea", "4cf2eb82-279c-11e2-9674-109adda800ea");
INSERT INTO Response_Map VALUES("4cf3f464-279c-11e2-8076-109adda800ea", "4cf1c1f8-279c-11e2-a6c4-109adda800ea", "4cf22b18-279c-11e2-af4a-109adda800ea");
INSERT INTO Response_Map VALUES("4cf3f664-279c-11e2-94ab-109adda800ea", "4cf1c4f0-279c-11e2-982c-109adda800ea", "4cf2ed46-279c-11e2-84bc-109adda800ea");
INSERT INTO Response_Map VALUES("4cf3f842-279c-11e2-93b5-109adda800ea", "4cf1caa4-279c-11e2-af0a-109adda800ea", "4cf3138a-279c-11e2-b6e1-109adda800ea");
INSERT INTO Response_Map VALUES("4cf3fc1e-279c-11e2-92e7-109adda800ea", "4cf1caa4-279c-11e2-af0a-109adda800ea", "4cf38862-279c-11e2-8ca3-109adda800ea");
INSERT INTO Response_Map VALUES("4cf3fda6-279c-11e2-9c02-109adda800ea", "4cf1caa4-279c-11e2-af0a-109adda800ea", "4cf33f12-279c-11e2-81f9-109adda800ea");
INSERT INTO Response_Map VALUES("4cf3ff7e-279c-11e2-a264-109adda800ea", "4cf1cd68-279c-11e2-8071-109adda800ea", "4cf247de-279c-11e2-b92a-109adda800ea");
INSERT INTO Response_Map VALUES("4cf4010c-279c-11e2-a9b6-109adda800ea", "4cf1cd68-279c-11e2-8071-109adda800ea", "4cf2e3ba-279c-11e2-8b94-109adda800ea");
INSERT INTO Response_Map VALUES("4cf402f6-279c-11e2-9b61-109adda800ea", "4cf1d334-279c-11e2-a3ba-109adda800ea", "4cf2d518-279c-11e2-9a67-109adda800ea");
INSERT INTO Response_Map VALUES("4cf40486-279c-11e2-ab70-109adda800ea", "4cf1d334-279c-11e2-a3ba-109adda800ea", "4cf26928-279c-11e2-bf09-109adda800ea");
INSERT INTO Response_Map VALUES("4cf4065c-279c-11e2-93ef-109adda800ea", "4cf1d61e-279c-11e2-ab83-109adda800ea", "4cf34c12-279c-11e2-bc26-109adda800ea");
INSERT INTO Response_Map VALUES("4cf407e4-279c-11e2-aa73-109adda800ea", "4cf1d61e-279c-11e2-ab83-109adda800ea", "4cf2b8d0-279c-11e2-ab28-109adda800ea");
INSERT INTO Response_Map VALUES("4cf40a08-279c-11e2-9fee-109adda800ea", "4cf1d61e-279c-11e2-ab83-109adda800ea", "4cf26e80-279c-11e2-a9e0-109adda800ea");
INSERT INTO Response_Map VALUES("4cf40bf4-279c-11e2-90c2-109adda800ea", "4cf1d940-279c-11e2-8cc0-109adda800ea", "4cf33f12-279c-11e2-81f9-109adda800ea");
INSERT INTO Response_Map VALUES("4cf40d76-279c-11e2-b9da-109adda800ea", "4cf1d940-279c-11e2-8cc0-109adda800ea", "4cf311ca-279c-11e2-b4de-109adda800ea");
INSERT INTO Response_Map VALUES("4cf40f5a-279c-11e2-9a64-109adda800ea", "4cf1dc1a-279c-11e2-8c9e-109adda800ea", "4cf308c6-279c-11e2-b450-109adda800ea");
INSERT INTO Response_Map VALUES("4cf4112e-279c-11e2-bc6a-109adda800ea", "4cf1dc1a-279c-11e2-8c9e-109adda800ea", "4cf22918-279c-11e2-91ab-109adda800ea");
INSERT INTO Response_Map VALUES("4cf41324-279c-11e2-b6a3-109adda800ea", "4cf1dee8-279c-11e2-a960-109adda800ea", "4cf375fe-279c-11e2-b974-109adda800ea");
INSERT INTO Response_Map VALUES("4cf414a6-279c-11e2-9767-109adda800ea", "4cf1dee8-279c-11e2-a960-109adda800ea", "4cf2abec-279c-11e2-aa67-109adda800ea");
INSERT INTO Response_Map VALUES("4cf4162e-279c-11e2-bb9d-109adda800ea", "4cf1dee8-279c-11e2-a960-109adda800ea", "4cf2b8d0-279c-11e2-ab28-109adda800ea");
INSERT INTO Response_Map VALUES("4cf41806-279c-11e2-ac79-109adda800ea", "4cf1e1c2-279c-11e2-a9dd-109adda800ea", "4cf38134-279c-11e2-b742-109adda800ea");
INSERT INTO Response_Map VALUES("4cf41988-279c-11e2-9ea0-109adda800ea", "4cf1e1c2-279c-11e2-a9dd-109adda800ea", "4cf30536-279c-11e2-b740-109adda800ea");
INSERT INTO Response_Map VALUES("4cf41b10-279c-11e2-958e-109adda800ea", "4cf1e1c2-279c-11e2-a9dd-109adda800ea", "4cf2a866-279c-11e2-87ed-109adda800ea");
INSERT INTO Response_Map VALUES("4cf41cfa-279c-11e2-a56a-109adda800ea", "4cf1e78c-279c-11e2-842f-109adda800ea", "4cf3295a-279c-11e2-bcad-109adda800ea");
INSERT INTO Response_Map VALUES("4cf41e80-279c-11e2-9108-109adda800ea", "4cf1e78c-279c-11e2-842f-109adda800ea", "4cf2ff82-279c-11e2-bdb3-109adda800ea");
INSERT INTO Response_Map VALUES("4cf4204c-279c-11e2-a070-109adda800ea", "4cf1ea66-279c-11e2-9960-109adda800ea", "4cf23cc8-279c-11e2-b020-109adda800ea");
INSERT INTO Response_Map VALUES("4cf421dc-279c-11e2-bc49-109adda800ea", "4cf1ea66-279c-11e2-9960-109adda800ea", "4cf2d8ae-279c-11e2-9aa1-109adda800ea");
INSERT INTO Response_Map VALUES("4cf423ba-279c-11e2-97a1-109adda800ea", "4cf1ed40-279c-11e2-90d1-109adda800ea", "4cf30e34-279c-11e2-aa52-109adda800ea");
INSERT INTO Response_Map VALUES("4cf42538-279c-11e2-b325-109adda800ea", "4cf1ed40-279c-11e2-90d1-109adda800ea", "4cf2e3ba-279c-11e2-8b94-109adda800ea");
INSERT INTO Response_Map VALUES("4cf426d2-279c-11e2-ac3b-109adda800ea", "4cf1ed40-279c-11e2-90d1-109adda800ea", "4cf2abec-279c-11e2-aa67-109adda800ea");
INSERT INTO Response_Map VALUES("4cf4289c-279c-11e2-9762-109adda800ea", "4cf1f068-279c-11e2-9c08-109adda800ea", "4cf2d8ae-279c-11e2-9aa1-109adda800ea");
INSERT INTO Response_Map VALUES("4cf42ab0-279c-11e2-9048-109adda800ea", "4cf1f068-279c-11e2-9c08-109adda800ea", "4cf32086-279c-11e2-b917-109adda800ea");
INSERT INTO Response_Map VALUES("4cf42c40-279c-11e2-b3f3-109adda800ea", "4cf1f068-279c-11e2-9c08-109adda800ea", "4cf254c2-279c-11e2-8b05-109adda800ea");
INSERT INTO Response_Map VALUES("4cf42e34-279c-11e2-8be3-109adda800ea", "4cf1ff24-279c-11e2-9ad2-109adda800ea", "4cf28b1c-279c-11e2-baef-109adda800ea");
INSERT INTO Response_Map VALUES("4cf42fd8-279c-11e2-b87f-109adda800ea", "4cf1ff24-279c-11e2-9ad2-109adda800ea", "4cf38a76-279c-11e2-b84e-109adda800ea");
INSERT INTO Response_Map VALUES("4cf43166-279c-11e2-a80c-109adda800ea", "4cf1ff24-279c-11e2-9ad2-109adda800ea", "4cf2abec-279c-11e2-aa67-109adda800ea");
INSERT INTO Response_Map VALUES("4cf433dc-279c-11e2-86ca-109adda800ea", "4cf20208-279c-11e2-8a24-109adda800ea", "4cf31cba-279c-11e2-b3b9-109adda800ea");
INSERT INTO Response_Map VALUES("4cf43582-279c-11e2-ad15-109adda800ea", "4cf20208-279c-11e2-8a24-109adda800ea", "4cf3070c-279c-11e2-bfbb-109adda800ea");
INSERT INTO Response_Map VALUES("4cf43776-279c-11e2-9d49-109adda800ea", "4cf20ac8-279c-11e2-b18e-109adda800ea", "4cf33b6e-279c-11e2-a413-109adda800ea");
INSERT INTO Response_Map VALUES("4cf43910-279c-11e2-8ece-109adda800ea", "4cf20ac8-279c-11e2-b18e-109adda800ea", "4cf31910-279c-11e2-a670-109adda800ea");
INSERT INTO Response_Map VALUES("4cf43af0-279c-11e2-a4d8-109adda800ea", "4cf21070-279c-11e2-b265-109adda800ea", "4cf30362-279c-11e2-8a71-109adda800ea");
INSERT INTO Response_Map VALUES("4cf43c6c-279c-11e2-a7a3-109adda800ea", "4cf21070-279c-11e2-b265-109adda800ea", "4cf2ef10-279c-11e2-95a2-109adda800ea");
INSERT INTO Response_Map VALUES("4cf43fa2-279c-11e2-8aab-109adda800ea", "4cf21070-279c-11e2-b265-109adda800ea", "4cf2c526-279c-11e2-87d7-109adda800ea");
INSERT INTO Response_Map VALUES("4cf44180-279c-11e2-b217-109adda800ea", "4cf2165a-279c-11e2-92f5-109adda800ea", "4cf35194-279c-11e2-83c6-109adda800ea");
INSERT INTO Response_Map VALUES("4cf44308-279c-11e2-a309-109adda800ea", "4cf2165a-279c-11e2-92f5-109adda800ea", "4cf3138a-279c-11e2-b6e1-109adda800ea");
INSERT INTO Response_Map VALUES("4cf4448a-279c-11e2-9148-109adda800ea", "4cf2165a-279c-11e2-92f5-109adda800ea", "4cf28b1c-279c-11e2-baef-109adda800ea");
INSERT INTO Response_Map VALUES("4cf44680-279c-11e2-a385-109adda800ea", "4cf21c48-279c-11e2-afed-109adda800ea", "4cf29bbe-279c-11e2-943d-109adda800ea");
INSERT INTO Response_Map VALUES("4cf44808-279c-11e2-b031-109adda800ea", "4cf21c48-279c-11e2-afed-109adda800ea", "4cf2d188-279c-11e2-96f2-109adda800ea");
